AY,Institution,Position,Address,Link,TrackType,DateAdded,Description
2025-2026,Ponoma College,Director of College Writing,"Claremont, CA 91711",https://academicjobsonline.org/ajo/jobs/30371,TT,08/26/2025,"Pomona College invites applications for a Director of College Writing. The position is structured as a joint tenure-track assistant professor/advanced assistant professor (0.5) and administrative staff position (0.5) to start July 2026. Director of College Writing is a pivotal, leadership position at the college, with primary responsibilities including writing program administration, teaching, and research in writing studies. The successful candidate will manage and assess the required first-year critical inquiry seminar (ID1) taught by faculty from across the college; advise on and assess writing intensive and speaking intensive courses that contribute to general education requirements; mentor faculty colleagues in theories and practices related to pedagogical development in writing, speaking, and visual literacy; and provide strategic oversight of the Center for Speaking, Writing, and the Image (CSWIM) with a student staff of typically over 30 peer-tutors. The Director will report directly to the Dean of the College and will supervise a staff consisting of a full-time Assistant Director of College Writing and a full-time Program Coordinator at the CSWIM.The Director of College Writing has an appointment in a home department, with a teaching load of one course per semester: the Fall course is either a section of the first-year critical inquiry seminar (ID1) or ENG 87: Writing Theory/Process/Practice (our tutor training course); the Spring course will develop from the candidate’s area of expertise in writing studies. Pomona College faculty are expected to teach across all levels of the undergraduate curriculum and are eligible for generous teaching and research grants, including sabbatical. In accordance with the recommendations of the Council of Writing Program Administrators (CWPA), evaluation of the Director’s scholarship for tenure will include both publications and the intellectual work of writing administration, such as: program creation, curricular design, faculty development, program assessment and evaluation, and program-related textual production.Candidates should have a PhD in rhetoric and writing studies, English, or a discipline represented at Pomona College (e.g. Media Studies, German Studies, Religious Studies, etc.), where candidates have demonstrated a substantial professional investment in writing studies, as evidenced by work in writing centers and/or writing programs as well as scholarship, and where candidates’ future scholarly and pedagogical trajectories center writing studies. Expertise may include writing in the disciplines, writing across the curriculum, writing program administration, sociocultural rhetoric, language diversity, transnational theories of writing, international and multilingual literacies, first generation college writers, multimodal composition, accessible pedagogies, Artificial Intelligence and writing, and creative writing including but not limited to creative nonfiction and the essay.Initial application includes: (a) cover letter, addressing experience in writing pedagogy, writing centers, and writing program administration (b) curriculum vitae, (c) writing sample, (d) three brief, 1-page statements– one addressing scholarship and future research directions, one addressing teaching philosophy and experience, and one addressing demonstrated ability to mentor a diverse student body, and (e) three letters of recommendation. Please apply through Academic JobsOnline https://academicjobsonline.org/ajo/jobs/30371. Review of applications begins October 15, 2025. Invitations for semi-finalist interviews will be issued in December. Pomona College and the Writing Program support equal access to higher education, and value working in a richly diverse environment. Pomona College’s student body consists of approximately 1,700 students. Of the students admitted most recently, over one-half self-identify as domestic students of color, 14% international and 23% are first generation college students. The successful candidate will have the ability to teach and mentor exceptional students of diverse backgrounds–utilizing pedagogical practices that are rigorous, inclusive, and which promote academic equity. Compensation for this position includes a comprehensive benefits package and a salary commensurate with rank and experience, with a range from $110,000-$140,000."
2025-2026,Chapman U,"Assistant Professor of English (Technical Rhetorics), Tenure Track, Fall 2026","Orange, CA 92866",https://apply.interfolio.com/170503,TT,08/26/2025,"Description The Wilkinson College of Arts, Humanities, and Social Sciences at Chapman University invites applications for a tenure-track assistant professor in English with a specialization in Rhetoric and Composition, beginning Fall 2026.Chapman University is a nationally-ranked, R2 Carnegie Classified, private institution offering traditional undergraduate and graduate programs in the heart of Orange County, one of Southern California’s most diverse and vibrant regions. Chapman’s campuses are home to nearly 10,000 students representing 50 states, three territories, and 87 countries. The 11 schools and colleges of Chapman, including Wilkinson College of Arts, Humanities, and Social Sciences, offer 65 bachelors, 53 master, and six doctoral programs, along with nearly 60 minors and 17 accelerated and bridge programs. Classes are taught by the more than 1,100 dedicated faculty members who are leaders in their fields, including Nobel Prize recipients, MacArthur Fellows, National Medal of Science honorees, former U.S. Supreme Court clerks, and Emmy, Grammy, and Academy Award winners.The English Department offers an undergraduate major that integrates cultural studies, literature and rhetoric, and MA and MFA degree programs at the graduate level. The English Department is also home to a robust Graduate Student Instructor (GSI) program, and the successful candidate would be able to participate in preparing and mentoring GSIs. Teaching responsibilities may include: upper-division and graduate courses in Technical Writing, Discourse Analysis, Writing in the Legal Context, Composing New Media, Advanced Topics in Rhetoric; lower-division General Education composition courses; and new courses the candidate may develop.The mission of Wilkinson College of Arts, Humanities, and Social Sciences is to foster rigorous inquiry among our students through a curriculum grounded in the liberal arts that is scholarly, creative, interdisciplinary, and experiential. Wilkinson College plays an important and unique role in the educational journey of every Chapman student and aims to ensure that graduates are prepared to assume their responsibility as global citizens, acting knowledgeably and providing compassionate leadership in our community and world. More information about Wilkinson College is available at www.chapman.edu/wilkinson.Responsibilities:Lead a rigorous research, extramural grant-seeking, and publication program, which could include publishing books and/or articles in peer-reviewed journals, depending on the candidate’s specialty areas.Teach courses that support general education and the English BA and MA.Advise and mentor students in these programs.Actively participate in departmental, college, and university service.Create an inclusive and welcoming learning environment that respects and values the perspectives of all students.Tenure-track faculty are expected to develop and maintain an active research agenda for future tenure consideration and are evaluated on their research/scholarly activity, teaching, and service.QualificationsRequired QualificationsWe seek a candidate whose research and teaching focus is on Technical Rhetorics, including Critical AI Studies. Additional complementary areas of interest include Digital Rhetoric and UX, Disability Studies, Social Justice, Discourse Analysis, Legal Writing, and other areas that reflect innovative experiences in rhetoric and composition.Ph.D. in English, Rhetoric and Composition, or a related field by August 2026 from an accredited institution.Strong potential for impactful scholarly contributions to the field.Commitment to teaching and mentoring.Desirable QualificationsPrior teaching experience at the collegiate level."
2025-2026,Chapman U,"Assistant Professor of English (Cultural Rhetorics), Tenure Track, Fall 2026
","Orange, CA 92866",https://apply.interfolio.com/170526,TT,08/26/2025,"Description The Wilkinson College of Arts, Humanities, and Social Sciences at Chapman University invites applications for a tenure-track assistant professor of English with a specialization in Cultural Rhetorics and Composition, beginning Fall 2026.Chapman University is a nationally-ranked, R2 Carnegie Classified, private institution offering traditional undergraduate and graduate programs in the heart of Orange County, one of Southern California’s most diverse and vibrant regions. Chapman’s campuses are home to nearly 10,000 students representing 50 states, three territories, and 87 countries. The 11 schools and colleges of Chapman, including Schmid College of Science and Technology, offer 65 bachelors, 53 master, and six doctoral programs, along with nearly 60 minors and 17 accelerated and bridge programs. Classes are taught by the more than 1,100 dedicated faculty members who are leaders in their fields, including Nobel Prize recipients, MacArthur Fellows, National Medal of Science honorees, former U.S. Supreme Court clerks, and Emmy, Grammy, and Academy Award winners.The English Department offers an undergraduate major that integrates cultural studies, literature and rhetoric, and MA and MFA degree programs at the graduate level. The English Department is also home to a robust Graduate Student Instructor (GSI) program, and the successful candidate would be able to participate in preparing and mentoring GSIs. Tenure-track faculty members are expected to develop and maintain an active research and publication agenda for future tenure consideration and are evaluated on their scholarship, teaching, and service.The mission of Wilkinson College of Arts, Humanities, and Social Sciences is to foster rigorous inquiry among our students through a curriculum grounded in the liberal arts that is scholarly, creative, interdisciplinary, and experiential. Wilkinson College plays an important and unique role in the educational journey of every Chapman student and aims to ensure that graduates are prepared to assume their responsibility as global citizens, acting knowledgeably and providing compassionate leadership in our community and world. More information about Wilkinson College is available at www.chapman.edu/wilkinson.Responsibilities:Lead a rigorous research, extramural grant-seeking, and publication program, which could include publishing books and/or articles in peer-reviewed journals, depending on the candidate’s specialty areas.Teach general education courses as well as courses that support the English BA and MA.Advise and mentor students in these programs.Actively participate in departmental, college, and university service.Create an inclusive and welcoming learning environment that respects and values the perspectives of all students.Tenure-track faculty members are expected to develop and maintain an active research and publication agenda for future tenure consideration and are evaluated on their scholarship, teaching, and service.QualificationsRequired QualificationsWe seek a candidate whose research and teaching focus on Cultural Rhetorics (such as African American/African Diasporic Rhetorics, Asian/Asian-American Rhetorics, Indigenous/Native American Rhetorics, Latinx Rhetorics), with a complementary focus on Emerging Technologies. Additional complementary areas of interest include Disability Studies, Health Rhetorics, Social Justice, Discourse Analysis, Legal Writing, and other areas that reflect innovative experiences in rhetoric and composition.Ph.D. in English, Rhetoric and Composition, or a related field by August 2026 from an accredited institution.Strong potential for impactful scholarly contributions to the field.Commitment to teaching and mentoring.Desirable QualificationsPrior teaching experience at the collegiate levelApplication InstructionsQualified candidates are invited to electronically submit the following:Cover letterCurriculum vitaeList of referencesCandidates may be asked to submit additional materials including reference letters and writing samples.Inquiries may be directed to the Search Committee Chair, Ian Barnard (barnard@chapman.edu). Please use “Assistant Professor of English” as the email subject line.Review of applications will commence on October 15, 2025, and will continue until the position is filled. This position is contingent upon final budget approval. Salary is competitive and will be commensurate with experience. The salary range for this position is $87K - $105K. Successful completion of a background check is required for the final candidate."
2025-2026,Carnegie Mellon U,Teaching-Track Assistant Professor of English – Professional & Technical Communication,"Pittsburgh, PA 15213",http://joblist.mla.org/job/2000219/teaching-track-assistant-professor-of-english-professional-and-technical-communication/,TT,09/04/2025,"Teaching-Track Assistant Professor of English – Professional & Technical CommunicationThe Rhetoric Program in the Department of English at Carnegie Mellon University seeks a specialist in Professional and Technical Communication at the rank of teaching-track Assistant Professor to begin in August 2026.The successful candidate will demonstrate an interest in teaching and shaping the future of our Professional & Technical Communication programs. Our professional and technical writing degrees include a B.A. and M.A in Professional Writing and a B.S. in Technical Writing. The Rhetoric program oversees the professional & technical writing programs as well as our M.A. and Ph.D. in Rhetoric.We are looking for a new colleague to teach core and elective professional and technical communication courses at the undergraduate and graduate levels. See the list of courses in our MAPW program as an example of the kind of courses you might be asked to teach.This faculty member will begin as the Associate Director of our Professional & Technical Communication Programs. Depending on their prior administrative experience, we anticipate that within 2–3 years the faculty member will fully transition into the role of Director.Successful candidates ideally shouldunderstand evidence-based pedagogy and professional practice in professional and technical communication,be interested in the programmatic aspects of professional and technical communication education (administrative experience is a plus, but not required),have professional experience in the production of professional or technical communications, andbe interested in pursuing research related to their administrative and/or teaching rolesFor further information about our department and university, see: https://www.cmu.edu/dietrich/english/"
2025-2026,Stony Brook U,Assistant Professor in Rhetoric and AI [rhetmap 1],"Stony Brook, NY",https://apply.interfolio.com/172672,TT,09/05/2025,"Description The assistant professor in the Department of Writing and Rhetoric (DWR) will pursue a research agenda in the area of rhetoric and AI and will advance the department’s commitment to innovative teaching. Instructional duties will include primarily first-year writing, as well as upper-division and graduate writing courses in the area of specialization. 2/2 teaching load; tenure track. Other duties include mentoring undergraduate and graduate students, actively contributing to department initiatives, and serving the university community.The assistant professor will support a bachelor’s degree program in Rhetoric and Writing plus the DWR’s two popular writing minors: Professional Writing and Writing and Rhetoric. They will also contribute to the department’s Advanced Graduate Certificate in Teaching Writing and potential future graduate degree programs. Furthermore, they will pursue grant funding in relevant areas and collaborate with units across campus on research and curricular innovation, including Stony Brook University's AI Innovation Institute.QualificationsRequired qualifications: a PhD (or foreign equivalent) in rhetoric, composition, or writing studies in hand at the time of appointment, with a focus on and a critical approach to artificial intelligence; evidence of the ability to conduct and publish scholarly research in relevant areas; and three or more years of experience teaching first-year writing.Preferred qualifications: demonstrated interest in securing external research funding in relevant areas; experience with curriculum development; knowledge of research methods in writing and rhetorical studies; record of working collaboratively and/or across the disciplines; and commitment to advancing educational access, opportunity, and inclusive excellence.Application InstructionsApplicants should submit the following:Application letter explaining your qualifications, research agenda, teaching effectiveness, and commitment to fostering access, belonging, and inclusive excellenceCurriculum vitaeScholarly writing sample (15-30 pages)Instructional portfolio–ideally including evidence of pedagogical engagement with AI–including statement of teaching philosophy, sample first-year writing syllabus, sample upper-division course syllabus, sample assignments, and student evaluationsThree professional and confidential letters of recommendationThe selected candidate must successfully clear a background investigation.In accordance with the Title II Crime Awareness and Security Act, a copy of our crime statistics is available upon request by calling (631) 632- 6350. It can also be viewed online at the University Police website at http://www.stonybrook.edu/police."
2025-2026,Western Michigan U,"Assistant/Associate Professor of Rhetoric and Writing Studies [rhetmap 2]
","Kalamazoo, MI 49008",https://www.wmujobs.org/postings/4322,TT,09/08/2025,"The Department of English at Western Michigan University invites applications for a full-time tenure-track position at either the Assistant Professor or Associate Professor rank in Rhetoric and Writing Studies, with an open area of specialization.

This is an academic-year position, with the possibility of Summer instructional assignments for additional compensation. The start date is August 15, 2026.

Major Duties

    Maintain a research agenda in rhetoric and writing studies.
    Provide effective instruction to undergraduate and graduate students across rhetoric and writing studies courses.
    Support the success of a diverse population of undergraduate and graduate students.
    Develop new curricula and course offerings.
    Contribute to department, college, and university committees.

Minimum Qualifications

    A Ph.D. in Rhetoric and Writing Studies or a closely related field from an accredited institution, awarded by August 15, 2026
    A record of effective undergraduate teaching in rhetoric and writing studies.
    A record of active research activity in rhetoric and writing studies.

Desired Qualifications

    A background that includes teaching a range of rhetoric and writing studies courses (for instance, first-year writing, professional writing, science writing, rhetorical criticism, AI writing, or other special topics courses) at the undergraduate and graduate levels
    An established capacity for leadership in projects, programs, or partnerships, whether internal or external to the university.
    Demonstrate commitment to advancing equity across the areas of research, teaching, and service
    Documented history of promoting student engagement, success, and achievement.
    An exhibited ability to engage with emerging writing technologies.

Special Instructions to Applicants 

Review of applications will begin on November 1, 2025, and will continue until the position is filled.

Online application materials submitted must include:

    Curriculum vita
    Letter of application addressing minimum and desired qualifications
    List of references
    One writing sample or sample publication
    Samples of Teaching Materials – provide two examples of sample syllabi
    Copy of graduate transcript

In addition, please have three confidential letters of recommendation sent by the recommenders or a dossier service to english-search@wmich.edu.

Additional Position Information

Department: One of the largest units in Western Michigan University’s College of Arts and Sciences, the Department of English consists of 20 board-appointed, full-time faculty members. The department serves over 250 undergraduate majors and minors in rhetoric and writing studies, creative writing, and literature and language and is home to over 50 graduate students enrolled across master’s and doctoral programs in creative writing, English education, and literature and language.

The College: Housing 23 academic departments, schools, and institutes that enroll nearly 3,000 undergraduate students and 700 graduate students, the College of Arts and Sciences represents the foundation of learning and the academic heart of WMU. The College is committed to fostering a community of diverse, inclusive, equitable, and globally engaged scholars, learners, and leaders, and it seeks candidates who can contribute to the College’s distinctive educational objectives, which promote interdisciplinary perspectives, intercultural understanding, and concern with social responsibility and the ethical implications of knowledge and action.

University: Western Michigan University (WMU), located in Southwest Michigan, is a vibrant, nationally recognized student-centered research institution with an enrollment of 18,000. WMU delivers high-quality undergraduate instruction, has a strong graduate division, and fosters significant research activities. The Carnegie Foundation for the Advancement of Teaching classifies WMU as a doctoral university and one of just 185 public universities in the nation conducting research at a high level. WMU recently received a $550 million endowed, multi-year Empowering Futures Gift, which will fund many projects and initiatives that aim to break down the barriers created by historic inequities.

Kalamazoo: Kalamazoo is located only two and a half hours by car or train from Chicago and Detroit and only 45 minutes from the beaches of Lake Michigan. It occupies one of Michigan’s designated research corridors, maintaining a strong life sciences/biotech presence and supporting two leading medical centers. With 263,000 people in the greater Kalamazoo area, the community offers an array of cultural events, entertainment, and all-season recreation. The city supports a nationally recognized symphony and enjoys a vibrant community theatre and visual arts scene. Kalamazoo is dedicated to social justice, community development, and the elimination of generational poverty. The city is also home to the Kalamazoo Promise, a scholarship program offered to all Kalamazoo Public School students that covers up to 100% of tuition and fees to all Michigan public (and many private) institutions of higher learning.

Go to https://wmich.edu/hr/employees/faculty for benefits and other information."
2025-2026,Salt Lake Community C,"Assistant Professor of English, Linguistics, and Writing Studies
","Salt Lake City, UT 84070",https://joblist.mla.org/job/2000286/assistant-professor-of-english-linguistics-and-writing-studies/,TT,09/10/2025,"The English, Linguistics, and Writing Studies department at SLCC has multiple tenure-track openings at the level of assistant professor this year. We seek colleagues dedicated to open-access education and who specialize in developmental reading and writing, first-year writing, technical writing, GenAI, and supporting multi-lingual students.The teaching load is 5/5. We offer summer teaching opportunities, too.There is an expectation of excellent teaching aimed at our diverse student population, engagement with department- and college-level service, and a sustained professional development trajectory.The salary range is $58,906 to $79,523 based on degrees and related experience. The college contributes 14% to a TIAA retirement for you without a match on your part. We provide Regence Blue Cross Blue Shield insurance at a reasonable cost. Here is the link for benefit information: https://i.slcc.edu/culture/benefits/index.aspxThe job summary is below. Priority date for applications is 15 October 2025. I am the co-chair of the hiring committee and the hiring manager. Please contact me at darin.jensen@slcc.edu if you have any questions.Job SummarySalt Lake Community College is Utah’s largest college with the most diverse student body in the state. It serves more than 45,000 students on ten campuses, including an eLearning virtual campus. The college supports students from all cultures, abilities, and ages, including English language learners from around the world, including first-generation and refugee students. Additionally, rapidly changing student demographics, with particular increases in students from Latinx backgrounds, have made the imperative to close achievement gaps for students of color a top priority for the entire college.Supported by the college’s mission, the SLCC Department of English, Linguistics, and Writing Studies is committed to building an inclusive educational environment based on equity for all students and faculty. We serve transfer students, technical program students, as well as a breadth of traditional and non-traditional students.Together, 31 full-time faculty have expertise in a range of subjects and disciplinary areas, including writing studies, integrated reading and writing, creative writing, literature, cultural studies, technical writing and communication, and linguistics. The department offers major concentrations in Writing Studies and English Studies within an associate’s degree in the Humanities, and many of our courses satisfy the institution’s Humanities requirements. The department serves students from various backgrounds who bring a wealth of knowledge, languages, and life experiences to the classroom. To address equal opportunity, we are committed to growing as an inclusive department in teaching, service, and professional activity.Our department is a college-recognized Community Engaged Department, which means that a significant number of our faculty practice collaborative, community-centered approaches to teaching and learning. These include engaged pedagogies like service learning, a civic orientation across the curriculum, and a department-wide focus on writing as a form of action and an agent of social change. Accordingly, the Department of English, Linguistics, and Writing Studies seeks to attract an active, culturally and academically engaged faculty, skilled in teaching and service, and dedicated to continued professional development.The successful applicant will contribute to the department in several areas in addition to teaching, including serving on department, school, and collegewide committees; working in the Student Writing and Reading Center; and participating in professional development activities. In particular, we seek candidates with expertise in developmental writing and literacy, first-year writing, and technical writing and communication. We seek candidates who have demonstrated experience serving multilingual writers. We also seek a candidate who can guide the department, curriculum, and the college in GenAI literacies.As a department, we offer the following centers of learning and activity:Folio Art & Literary Magazine, SLCC’s award-winning journal of student literature and art.SLCC Publication Center is a multi-function maker-space designed to enhance learning about the publication and circulation of print and digital documents. The Publication Center features a digital design lab and a print production room, with high-performance printers, various equipment for binding and hand-built book creation, and an etching press.Student Reading and Writing Center (SWRC). The Student Writing & Reading Center works with SLCC students with writing and reading assignments from across the College. The stated mission of the SWRC is to “help students to succeed by helping them to improve as a writer and a reader.” The SWRC is staffed by Peer Consultants who are current or former SLCC students and faculty from the ELWS department. The SWRC has four campus locations, as well as offering both synchronous and asynchronous consultations. Since its inception in 1990, the SWRC has worked with thousands of SLCC students to understand that getting feedback on writing is necessary for all writers.Writing Across the College: Blending community literacy and writing-across-the-curriculum praxis, the Writing Across the College program supports all SLCC faculty, staff, and administrators to use writing effectively and confidently in their teaching and professional activities, and provides resources and opportunities for faculty to ensure positive learning opportunities for all students.Faculty and programs within SLCC’s ELWS programs have been honored with awards such as the CCCC Exemplary Teaching Award, the CCCC Writing Program Certificate of Excellence, the CCCC Outstanding Book Award, the Mina P. Shaughnessy Prize from MLA,  the Mark Reynolds TETYC Best Article Award, the Diana Hacker Outstanding Programs in English Award, the Nell Ann Pickett Service Award, and the CWPA Scholarship Award, among others.Our department is committed to recruiting colleagues who demonstrate, in their teaching, scholarship, and service, academic excellence and a commitment to all student success. We are committed to the democratic and humanistic values of education. "
2025-2026,Fashion IoT,"Full-Time Faculty Position in Composition and Rhetoric, School of Liberal Arts and Sciences","New York, NY 10001",https://joblist.mla.org/job/2000254/full-time-faculty-position-in-composition-and-rhetoric-school-of-liberal-arts-and-sciences/,TT,09/10/2025,"The Fashion Institute of Technology (FIT), an internationally renowned college of art and design, business and technology, of the State University of New York, invites nominations and applications for a full-time tenure-track faculty position in the English and Communication Studies Department, School of Liberal Arts and Sciences.The Fashion Institute of Technology, a part of the State University of New York, has been a leader in career education in art, design, business, and technology for nearly 80 years. With a curriculum that provides a singular blend of hands-on, practical experience, classroom study, and a firm grounding in the liberal arts, FIT offers a wide range of outstanding programs that are relevant to today's rapidly changing industries. Internationally renowned, FIT draws on its New York City location to provide a vibrant, creative community in which to learn. The college offers more than 45 majors and grants AAS, BFA, BS, MA, MFA, and MPS degrees, preparing students for professional success and leadership in the global marketplace.With close ties to industry, FIT draws faculty from the city's art, business, and design elite, and from the rich academic community of the region. The College continually seeks creative faculty members who are passionate about their field and demonstrate exceptional professional capability in the core competencies of instruction design, learning enrichment, globalism, and use of technology, as well as mastery of established and emerging industry practices.The English and Communication Studies Department seeks a full-time faculty member of Composition and Rhetoric with a primary focus on composition pedagogy, writing program administration, AI and writing, machine writing in rhetoric and composition, pedagogical technologies, or related areas of digital rhetorics and pedagogies. The successful candidate will be expected to teach existing first-year and third-year writing courses and to develop writing and rhetoric courses appropriate to their area of specialization. They will be expected to provide intellectual and pedagogical leadership for the Department's offerings in first-year Composition and third-year professional and research-based writing.New hires will be expected to participate in the rotation of administrative duties related to our writing program, rotating into the role of Writing Program Coordinator so that faculty with scholarly expertise in writing studies can provide consistent, long-term leadership of the writing program.They will also be expected to coordinate closely with the Educational Skills program as the department moves toward a co-requisite model of developmental education, and have a commitment to working with culturally and linguistically diverse students in an institution with strong emphasis on diversity, globalization and experiential learning. Interest and experience in interdisciplinary collaboration is highly desirable. They will also be expected to work closely with The Writing and Speaking Studio.Successful candidates will excel in the following areas:GlobalismDemonstrate broad knowledge of and experience with writing pedagogy that supports communication across cultural and linguistic boundaries in diverse classroom environmentsDemonstrate experience communicating with international and global partners using innovative and emerging media, including social media.Demonstrate ability to create a dynamic classroom where students can effectively communicate across cultural and linguistic boundaries and balance differing worldviews based upon a deep knowledge and awareness of other people, countries, cultures, and beliefs through the careful study of writing.Instructional DesignDemonstrate ability to design and create engaging curricula that take advantage of emerging technologies.Demonstrate ability to integrate AI and digital writing technologies into curriculum design, with awareness of their implications for rhetoric and composition.Demonstrate ability to adapt course materials to adjust to new innovations within and outside of the discipline.Experience utilizing a variety of instructional delivery methods and emerging technologies to improve student learning.Demonstrate instructional variety and flexibility to accommodate students of different learning styles, abilities, demographics, or diversity.Demonstrate experience in creating engaging curriculum and classroom environments that will reinforce and further develop advanced skills in critical reading, thinking, presenting, writing, and communication skills.Learning EnrichmentPossess a passion for learning and teaching, with the ability to inspire enrichment, curiosity and creativity in students from diverse backgrounds.Demonstrate the use of innovative pedagogies, emerging technologies and diverse instructional delivery methods that foster critical thinking and creative problem solving.Demonstrate the vision to deliver and advance the mission of the English and Communication Studies Department and the School of Liberal Arts: to develop reflective, critical and engaged citizens of the world.Possess current knowledge of trends and advances in the areas of writing pedagogy, first-year writing, and AI in writing.Demonstrate interest in developing a wide-ranging curriculum that takes advantage of areas of expertise while contributing to the ECS Department's vision.Experience encouraging student interaction, collaboration, teamwork and cooperation in the learning process.ProfessionalismDemonstrate ability to authoritatively and effectively speak on behalf of the English and Communication Studies Department, the School of Liberal Arts, and FIT.Demonstrate ability to help oversee and administer all compositional and professional writing classes in the English and Communication Studies Department.Maintain active participation in professional practices and scholarship, and a willingness to mentor faculty both within the School of Liberal Arts and Sciences and across the College. Demonstrate expertise in current critical, theoretical, and pedagogical trends and practices in the field.Demonstrate ability to represent FIT with innovative scholarship presented at local, regional, national, and international professional organizations and through peer reviewed publications.Demonstrate ability to support FIT's goals and mission of promoting issues of sustainability and pluralism through writing studies.Demonstrate the ability to collaborate with colleagues to increase the visibility and profile of literary studies at FIT.Maintain positive, helpful, supportive, respectful, collegial, and teamwork-oriented relationships with other professionals.TechnologyDemonstrate superior level of technical skills relating to software, innovative technology, social media, and artificial intelligence, especially as they relate to writing instruction and digital literacy.Demonstrate ability to utilize innovative instructional technology and to select the most appropriate technologies to enhance student-learning outcomes.Possess expertise in using social and emerging media to create engaging and evolving methods of instruction and student-centered interaction.The preceding description is not designed to be a complete list of all duties and responsibilities required of the position; other duties may be assigned consistent with the classification of the position.Additional Information:Please note, all offers of employment are contingent upon successful completion of the background check process.SalaryThe final starting salary and appointment rank will be based on education level and cumulative experience; Collective Bargaining Agreement (CBA) Salary Schedules pgs. 73-74.Instructor: $69,346.37 - $80,793.82Assistant Professor: $80,736.40 - $118,984.88Associate Professor: $94,498.31 - $142,271.78Professor: $115,232.32 - $173,403.37The College reserves the right to select one or more candidates after having been duly reviewed and presented to the President in conformance with the provisions of Article 15 of the Collective Bargaining Agreement.BenefitsThe Fashion Institute of Technology (FIT) provides comprehensive employee benefit programs designed to help keep our faculty and staff and their families healthy, safe, happy, and productive. Our programs also include a variety of components to help our employees improve the quality and balance of their work and family lives, and to help them prepare for their futures.Retirement PlansHealth Care Plan and Dental PlanEmployee Assistance ProgramFlexible Spending AccountCommuter Benefit PlanFIT Tuition Exemption ProgramQualifying Employer for the Public Service Loan Forgiveness (PSLF) ProgramFor a full list of FIT benefits, visit our benefits webpage.Pay Equity by State EmployersPursuant to Executive Order 161, no State entity, as defined by the Executive Order, is permitted to ask, or mandate, in any form, that an applicant for employment provide his or her current compensation, or any prior compensation history, until such time as the applicant is extended a conditional offer of employment with compensation. If such information has been requested from you before such time, please contact the Governor's Office of Employee Relations at (518) 474-6988 or via email at info@goer.ny.gov.Visa SponsorshipThis position may be eligible for visa sponsorship by the Fashion Institute of Technology.Equal Employment Opportunity (EEO) StatementFIT is firmly committed to creating an environment that will attract and retain people from a range of backgrounds.  FIT is firmly committed to creating a learning and working environment  that encourages, utilizes, respects, and appreciates the full expression of every individual's ability. The FIT community fosters its mission and grows because of its rich, pluralistic experience. FIT is committed to prohibiting discrimination, whether on the basis of race, color, creed, age, national origin, immigration or citizenship status, gender, sexual orientation, disability, marital status, partnership status, caregiver status, sexual and reproductive health decisions, uniformed service, height, weight, any lawful source of income, status as a victim of domestic violence or as a victim of sex offenses or stalking, whether children are, may be or would be residing with a person or conviction or arrest record, or any other characteristic protected by applicable federal, state, or local laws. FIT is committed to providing equal opportunity in employment, including the opportunity for upward mobility for all qualified individuals. Applications from veterans and persons with disabilities are encouraged. Inquiries regarding FIT's non-discrimination policies may be directed to the Chief Equal Employment Opportunity Officer/Title IX Coordinator, 212 217.3360.Annual Security ReportThe safety and well-being of FIT's students, faculty, staff, and visitors is of paramount importance. Pursuant to the Jeanne Clery Disclosure of Campus Security Policy and Campus Crime Statistics Act, FIT publishes an annual report containing crime statistics and statements of security policy, accessible here: Safety Statistics. A paper copy of the report will be provided upon request by contacting Public Safety's administrative office number at (212) 217-4999.Physical Requirements and Work EnvironmentThe working conditions for this position will be any combination of the classroom, lab, and/or office space. Certain roles may be required to handle machinery and chemicals. The physical requirement for this position will require occasional sitting, constant standing, occasional bending, frequent walking, and occasionally lifting 10 lbs. or less.Application Instructions:In order to considered for this position, please submit the following documents online:Letter of interest clearly indicating your qualifications for the positionCurriculum Vitae/ResumeUnofficial Transcript*Evidence of teaching effectivenessStatement of teaching philosophySample publication/writing sampleA minimum of three professional references, including names, titles, addresses, phone numbers, and e-mail contact information.A list of three references for recommendation letters; references may be contacted at a later stage.*Official transcripts are required within the first 30 days of hire. Applicants with foreign degrees must submit a completed credential evaluation comparing their foreign academic accomplishments to standards in the U.S.Returning Applicants - Login to your FITNYC Careers Account to check your submitted application materials.This is a full-time, tenure-track position beginning in Fall 2026. Review of applications will commence immediately and continue until the position is filled. First consideration will be given to completed applications received by October 1, 2025.Please note that due to the high volume of applications we receive, we are unable to contact each applicant individually regarding his or her application status. Additional information about the Fashion Institute of Technology can be found at: www.fitnyc.edu."
2025-2026,Georgia Tech,Assistant Professor of Technical Communication:Science Communication,"Atlanta, GA 30332",https://careers.hprod.onehcm.usg.edu/psc/careers/CAREERS/HRMS/c/HRS_HRAM_FL.HRS_CG_SEARCH_FL.GBL?Page=HRS_APP_JBPST_FL&Action=U&FOCUS=Applicant&SiteId=3000&JobOpeningId=290084&PostingSeq=1&PortalActualURL=https%3a%2f%2fcareers.hprod.onehcm.usg.edu%2fpsc%2fcareers%2fCAREERS%2fHRMS%2fc%2fHRS_HRAM_FL.HRS_CG_SEARCH_FL.GBL%3fPage%3dHRS_APP_JBPST_FL%26Action%3dU%26FOCUS%3dApplicant%26SiteId%3d3000%26JobOpeningId%3d290084%26PostingSeq%3d1&PortalRegistryName=CAREERS&PortalServletURI=https%3a%2f%2fcareers.hprod.onehcm.usg.edu%2fpsp%2fcareers%2f&PortalURI=https%3a%2f%2fcareers.hprod.onehcm.usg.edu%2fpsc%2fcareers%2f&PortalHostNode=APPLICANT&NoCrumbs=yes&PortalKeyStruct=yes,TT,09/12/2025,"Overview Georgia Tech prides itself on its technological resources, collaborations, high-quality student body, and its commitment to building an outstanding and diverse community of learning, discovery, and creation. We strongly encourage applicants whose values align with our institutional values, as outlined in our Strategic Plan. These values include academic excellence, diversity of thought and experience, inquiry and innovation, collaboration and community, and ethical behavior and stewardship. Georgia Tech has policies to promote a healthy work-life balance and is aware that attracting faculty may require meeting the needs of two careers.About Georgia TechGeorgia Tech is a top-ranked public research university situated in the heart of Atlanta, a diverse and vibrant city with numerous economic and cultural strengths. The Institute serves more than 45,000 students through top-ranked undergraduate, graduate, and executive programs in engineering, computing, science, business, design, and liberal arts. Georgia Tech's faculty attracted more than $1.4 billion in research awards this past year in fields ranging from biomedical technology to artificial intelligence, energy, sustainability, semiconductors, neuroscience, and national security. Georgia Tech ranks among the nation's top 20 universities for research and development spending and No. 1 among institutions without a medical school.Georgia Tech's Mission and ValuesGeorgia Tech's mission is to develop leaders who advance technology and improve the human condition. The Institute has nine key values that are foundational to everything we do:1.            Students are our top priority.2.            We strive for excellence.3.            We thrive on diversity.4.            We celebrate collaboration.5.            We champion innovation.6.            We safeguard freedom of inquiry and expression.7.            We nurture the wellbeing of our community.8.            We act ethically.9.            We are responsible stewards.Over the next decade, Georgia Tech will become an example of inclusive innovation, a leading technological research university of unmatched scale, relentlessly committed to serving the public good; breaking new ground in addressing the biggest local, national, and global challenges and opportunities of our time; making technology broadly accessible; and developing exceptional, principled leaders from all backgrounds ready to produce novel ideas and create solutions with real human impact.Department InformationThe School of Literature, Media , and Communication is a multi-disciplinary unit that includes over 80 full-time faculty and postdoctoral fellows, 500 undergraduate majors and minors, and 100 graduate students.  It offers B.S. degrees in Literature, Media, and Communication and in Computational Media, M.S. degrees in Digital Media, Human Computer Interaction, and Global Media and Cultures, and a Ph.D. in Digital Media. The School also offers undergraduate minors in Black Media Studies, Science Communication and Policy, Creative Writing, Film and Media Studies, and Science Fiction Studies, and contributes to interdisciplinary minors in African Studies; Applications of Artificial Intelligence and Machine Learning; East Asian Studies; Health, Medicine, and Society; Latin American and LatinX Studies; Science, Technology, and Society; Social Justice; and Women, Science, and Technology.The School also is home to the Writing and Communication Program, the Brittain Postdoctoral Fellowship Program, DramaTech, Poetry@Tech, LMCFilms, and the Naugle Writing and Communication Center, the latter of which provides discipline-specific courses and communication support for campus-wide audiences.Job SummaryThe School of Literature, Media, and Communication (https://www.lmc.gatech.edu/)at theGeorgia Institute of Technology invites applications for a tenure-track assistant professor of Technical Communication with an emphasis on science communication. Applications are especially welcome from candidates with scholarly interests or expertise in one or more of the following areas: Rhetoric of science and technology; medical rhetorics; user experience (UX); rhetorics of code; visual rhetoric; translation/localization; grant writing; privacy and surveillance; environmental communication; cultural rhetorics. Candidates are expected to demonstrate a commitment to teaching and mentoring students.Georgia Tech prides itself on its technological resources, collaborations, high-quality student body, and its commitment to building an outstanding community of learning, discovery, and creation. We strongly encourage applicants whose values align with our institutional values, as outlined in our Strategic Plan. These values include academic excellence, diversity of thought and experience, inquiry and innovation, collaboration and community, and ethical behavior and stewardship. Georgia Tech has policies to promote a healthy work-life balance and is aware that attracting faculty may require meeting the needs of two careers.ResponsibilitiesThe successful candidate is expected to engage in research and publication appropriate to an R1 institution, teach two courses per semester, and provide service to the school, college, institute, and profession.Required QualificationsPhD in Technical Communication, Rhetoric & Composition, or a related field.  An earned doctorate is required by the start of the appointment.Preferred QualificationsPhD in Technical Communication, Rhetoric & Composition, or a related field.Evidence of scholarly productivity and publicationWillingness to contribute service to the School of LMC.Relevant industry experience.Experience with student recruitment and internships.A history of internal and/or external grants.Teaching experience in upper-level science communication courses.Experience working with interdisciplinary faculty and students.The ability to engage students in experiential learning activities and pedagogy that support student success.Student Success CriteriaWith the aim of enabling success across a large student body, candidates should possessThe ability to mentor and assist students interested in pursuing graduate educationThe ability to design and teach curricula that are responsive to a diverse student bodyThe ability to adopt teaching strategies that support the learning and success of all studentsThe ability to engage students in experiential learning activities and pedagogy that support student successThe ability to engage in high-impact practices that support deep learning for student successProposed SalaryCommensurate with experience within a salary range of $92,000-$100,000Required Documents to AttachApplicants should submit a letter of application that details their research and teaching experience and interests, curriculum vitae, and the names and contact information for at least three references.Apply Before DatePriority consideration for applications is October 27th, but the search will continue until the position is filled.Contact InformationRequests for information may be directed to Susana Morris at susana@gatech.eduUSG Core ValuesThe University System of Georgia is comprised of our 26 institutions of higher education and learning as well as the System Office. Our USG Statement of Core Values are Integrity, Excellence, Accountability, and Respect. These values serve as the foundation for all that we do as an organization, and each USG community member is responsible for demonstrating and upholding these standards. More details on the USG Statement of Core Values and Code of Conduct are available in USG Board Policy 8.2.18.1.2 and can be found on-line at https://www.usg.edu/policymanual/section8/C224/#p8.2.18_personnel_conduct.Additionally, USG supports Freedom of Expression as stated in Board Policy 6.5 Freedom of Expression and Academic Freedom found on-line at https://www.usg.edu/policymanual/section6/C2653.Equal Employment OpportunityThe Georgia Institute of Technology (Georgia Tech) is an Equal Employment Opportunity Employer. The Institute is committed to maintaining a fair and respectful environment for all. To that end, and in accordance with federal and state law, Board of Regents policy, and Institute policy, Georgia Tech provides equal opportunity to all faculty, staff, students, and all other members of the Georgia Tech community, including applicants for admission and/or employment, contractors, volunteers, and participants in institutional programs, activities, or services. Georgia Tech complies with all applicable laws and regulations governing equal opportunity in the workplace and in educational activities.Equal opportunity and decisions based on merit are fundamental values of the University System of Georgia (¿USG¿) and Georgia Tech. Georgia Tech prohibits discrimination, including discriminatory harassment, on the basis of an individual¿s race, ethnicity, ancestry, color, religion, sex (including pregnancy), national origin, age, disability, genetics, or veteran status in its programs, activities, employment, and admissions.  Further, Georgia Tech prohibits citizenship status, immigration status, and national origin discrimination in hiring, firing, and recruitment, except where such restrictions are required in order to comply with law, regulation, executive order, or Attorney General directive, or where they are required by Federal, State, or local government contract.Other InformationThis is not a supervisory position.This position does not have any financial responsibilities.This position will not be required to drive.This role is not considered a position of trust.This position does not require a purchasing card (P-Card).This position will not travelThis position does not require security clearance.Background CheckSuccessful candidate must be able to pass a background check. Please visit  http://policylibrary.gatech.edu/employment/pre-employment-screening"
2025-2026,Georgia Tech,Assistant Professor of Digital Media:Media Studies/Digital Studies,"Atlanta, GA 30332",https://joblist.mla.org/apply/2000300/assistant-professor-of-digital-media-media-studies-digital-studies/?LinkSource=JobDetails&countrycode=US,TT,09/12/2025,"Overview Georgia Tech prides itself on its technological resources, collaborations, high-quality student body, and its commitment to building an outstanding and diverse community of learning, discovery, and creation. We strongly encourage applicants whose values align with our institutional values, as outlined in our Strategic Plan. These values include academic excellence, diversity of thought and experience, inquiry and innovation, collaboration and community, and ethical behavior and stewardship. Georgia Tech has policies to promote a healthy work-life balance and is aware that attracting faculty may require meeting the needs of two careers.About Georgia TechGeorgia Tech is a top-ranked public research university situated in the heart of Atlanta, a diverse and vibrant city with numerous economic and cultural strengths. The Institute serves more than 45,000 students through top-ranked undergraduate, graduate, and executive programs in engineering, computing, science, business, design, and liberal arts. Georgia Tech's faculty attracted more than $1.4 billion in research awards this past year in fields ranging from biomedical technology to artificial intelligence, energy, sustainability, semiconductors, neuroscience, and national security. Georgia Tech ranks among the nation's top 20 universities for research and development spending and No. 1 among institutions without a medical school.Georgia Tech's Mission and ValuesLocationAtlanta, GeorgiaDepartment InformationThe School of Literature, Media , and Communication is a multi-disciplinary unit that includes over 80 full-time faculty and postdoctoral fellows, 500 undergraduate majors and minors, and 100 graduate students.  It offers B.S. degrees in Literature, Media, and Communication and in Computational Media, M.S. degrees in Digital Media, Human Computer Interaction, and Global Media and Cultures, and a Ph.D. in Digital Media. The School also offers undergraduate minors in Black Media Studies, Science Communication and Policy, Creative Writing, Film and Media Studies, and Science Fiction Studies, and contributes to interdisciplinary minors in African Studies; Applications of Artificial Intelligence and Machine Learning; East Asian Studies; Health, Medicine, and Society; Latin American and LatinX Studies; Science, Technology, and Society; Social Justice; and Women, Science, and Technology.The School also is home to the Writing and Communication Program, the Brittain Postdoctoral Fellowship Program, DramaTech, Poetry@Tech, LMCFilms, and the Naugle Writing and Communication Center, the latter of which provides discipline-specific courses and communication support for campus-wide audiences.Job SummaryThe School of Literature, Media, and Communication (https://www.lmc.gatech.edu/) at the Georgia Institute of Technology in Atlanta, Georgia, invites applications for a tenure-track assistant professor position in Media Studies with a specialization in Digital Studies. We seek candidates primarily engaged with the disciplinary community of Media Studies, and who have interest or expertise in critical perspectives on one or more of the following: The study of social and technical aspects of digital media; social media; interactive digital narrative; digital humanities; and/or algorithmic/AI studies, rooted in a humanities and/or social science perspective. Candidates are expected to demonstrate a commitment to teaching and mentoring students.The Digital Media Program is grounded in four disciplinary communities: 1) Media Studies; 2) Science, Technology, and Society (STS); 3) Design Research; and 4) Human-Computer Interaction (HCI). For our faculty and students, making is a mode of inquiry that supports and is supported by other research methods and theory-building work.Georgia Tech prides itself on its technological resources, collaborations, high-quality student body, and its commitment to building an outstanding and diverse community of learning, discovery, and creation. We strongly encourage applicants whose values align with our institutional values, as outlined in our Strategic Plan. These values include academic excellence, diversity of thought and experience, inquiry and innovation, collaboration and community, and ethical behavior and stewardship. Georgia Tech has policies to promote a healthy work-life balance and is aware that attracting faculty may require meeting the needs of two careers.ResponsibilitiesThe successful candidate is expected to engage in research and publication appropriate to an R1 institution, teach two courses (undergraduate and/or graduate) per semester, advise MS and PhD candidates in Digital Media, and provide service to the school, college, institute, and profession.Required Qualifications-PhD in Digital Media, Media Studies, Digital Studies, or a closely related field-An earned doctorate is required by the start of the appointmentPreferred Qualifications-Interest in collaborating with colleagues in related fields, including interdisciplinary centers such as IPAT (Institute for People and Technology) and cross-disciplinary school. and college-level certificate programs-Willingness to contribute service to the School of LMC-Evidence of scholarly productivity and publicationStudent Success CriteriaWith the aim of enabling success across a large student body, candidates should possessThe ability to mentor and assist students interested in pursuing graduate educationThe ability to design and teach curricula that are responsive to a diverse student bodyThe ability to adopt teaching strategies that support the learning and success of all studentsThe ability to engage students in experiential learning activities and pedagogy that support student successThe ability to engage in high-impact practices that support deep learning for student successProposed SalaryCommensurate with experience within a salary range of $94,000-$110,000Required Documents to AttachApplicants should submit a letter of application, curriculum vitae, a statement of research interests, a description of teaching interests including their advising/mentoring philosophy, and the names and contact information for at least three references.Apply Before DatePriority deadline for applications is October 27th, 2025, but the search will continue until the positions are filled.Contact InformationRequests for information may be directed to André Brock at abrock35@gatech.edu.USG Core ValuesThe University System of Georgia is comprised of our 26 institutions of higher education and learning as well as the System Office. Our USG Statement of Core Values are Integrity, Excellence, Accountability, and Respect. These values serve as the foundation for all that we do as an organization, and each USG community member is responsible for demonstrating and upholding these standards. More details on the USG Statement of Core Values and Code of Conduct are available in USG Board Policy 8.2.18.1.2 and can be found on-line at https://www.usg.edu/policymanual/section8/C224/#p8.2.18_personnel_conduct.Additionally, USG supports Freedom of Expression as stated in Board Policy 6.5 Freedom of Expression and Academic Freedom found on-line at https://www.usg.edu/policymanual/section6/C2653.Equal Employment OpportunityThe Georgia Institute of Technology (Georgia Tech) is an Equal Employment Opportunity Employer. The Institute is committed to maintaining a fair and respectful environment for all. To that end, and in accordance with federal and state law, Board of Regents policy, and Institute policy, Georgia Tech provides equal opportunity to all faculty, staff, students, and all other members of the Georgia Tech community, including applicants for admission and/or employment, contractors, volunteers, and participants in institutional programs, activities, or services. Georgia Tech complies with all applicable laws and regulations governing equal opportunity in the workplace and in educational activities.Equal opportunity and decisions based on merit are fundamental values of the University System of Georgia (¿USG¿) and Georgia Tech. Georgia Tech prohibits discrimination, including discriminatory harassment, on the basis of an individual¿s race, ethnicity, ancestry, color, religion, sex (including pregnancy), national origin, age, disability, genetics, or veteran status in its programs, activities, employment, and admissions.  Further, Georgia Tech prohibits citizenship status, immigration status, and national origin discrimination in hiring, firing, and recruitment, except where such restrictions are required in order to comply with law, regulation, executive order, or Attorney General directive, or where they are required by Federal, State, or local government contract.Other InformationThis is not a supervisory position.This position does not have any financial responsibilities.This position will not be required to drive.This role is not considered a position of trust.This position does not require a purchasing card (P-Card).This position will not travelThis position does not require security clearance.Background CheckSuccessful candidate must be able to pass a background check. Please visit  http://policylibrary.gatech.edu/employment/pre-employment-screening"
2025-2026,James Madison U,"TT Assistant Professor, Technical and Professional Communication [rhetmap 3]","Harrisonburg, VA 22807",https://jobs.jmu.edu/jobs/tenure-track-assistant-professor-technical-and-professional-communication-harrisonburg-virginia-united-states,TT,09/16/2025,"Working Title: Tenure-Track Assistant Professor, Technical and Professional CommunicationState Role Title: N/APosition Type: Instructional / Teaching FacultyPosition Status: Full-TimeFLSA Status: Exempt: Not Eligible for OvertimeCollege/Division: College of Arts and LettersDepartment: 100361 - Writing, Rhetoric and Tech CommPay Rate: Commensurate with ExperienceSpecify Range or Amount:Is this a JMU only position? NoIs this a grant-funded position? NoIs this a Conflict of Interest designated position? NoBeginning Review Date: 10/16/2025About JMU:MissionWe are a community committed to preparing students to be educated and enlightened citizens who lead productive and meaningful lives.VisionTo be the national model for the engaged university: engaged with ideas and the world.Who We AreLocated in the heart of Virginia’s beautiful Shenandoah Valley, the city of Harrisonburg is approximately 120 miles from Washington, D.C. and Richmond, VA. With a population of just over 53,000, Harrisonburg is one of the most diverse communities in the Commonwealth of Virginia. JMU is a selective, public institution with a growing national reputation for offering experiences that lead to an outstanding education and inclusive environment for students, faculty and staff. The student body includes approximately 20,000 undergraduate and 1,900 graduate students, with over 1,000 full-time instructional faculty.JMU offers thriving programs in the liberal arts, science and technology, and professional disciplines at the undergraduate, master’s and doctoral levels. JMU has achieved national recognition for the high quality of its academic programs, focus on maintaining strong student/faculty interaction, and innovative faculty research.General Information:The School of Writing, Rhetoric & Technical Communication (www.jmu.edu/wrtc) at James Madison University invites applications for a tenure-track position in technical and professional communication at the rank of Assistant Professor to begin August 2026.The College of Arts and Letters, in which the School of Writing, Rhetoric and Technical Communication is housed, enrolls over 3,100 undergraduate majors and about 150 graduate students across ten academic units in the humanities, social sciences, and communication studies. Home to several interdisciplinary centers and institutes, the College employs 270 full-time faculty. We embrace the teacher-scholar model and encourage excellent applicants within our particular disciplines, as well as scholars and teachers eager to work across them.Duties and Responsibilities:We are excited to work alongside a new colleague who brings innovative approaches to environmental rhetorics and rhetorics of science and technology. Accompanying interests might include AI/LLMs and emerging technologies, risk/crisis communication, and legal/regulatory writing. There are opportunities to teach across all levels of our graduate, undergraduate, and general education offerings. A traditional teaching load is 3-3, and there are opportunities for financial support of scholarship via college- and university-level grants.Qualifications:A Ph.D. in technical or professional communication or a closely related field is required by time of appointment. Late assistant professors are also encouraged to apply.Additional Posting Information:Applicants will complete the faculty profile and submit a cover letter, curriculum vitae, and contact details for three references. The cover letter should include a discussion of the candidate’s research interests as well as teaching experience and philosophy. Candidates might later be asked to submit evidence of teaching effectiveness, examples of scholarly or professional work, and letters of recommendation.Review of completed applications will begin October 16, 2025. For more information, please contact Dr. Angela Crow, search committee co-chair, at crowad@jmu.edu.JMU’s Dual Career and Community Resources Program is available for candidates that will be relocating to the area. For more information, please visit https://bit.ly/2OTF1NG.Conditions of Employment:Employment is contingent upon the successful completion of a criminal background check.E-Verify Notice: After accepting employment, new hires are required to complete an I-9 form and present documentation of their identity and eligibility to work in the United States. James Madison University uses the E-Verify system to confirm identity and work authorization.EEO Statement:James Madison University is committed to creating and supporting a diverse and inclusive work and educational community that is free of all forms of discrimination. This institution does not tolerate discrimination or harassment on the basis of age, color, disability, gender identity or expression, genetic information, national origin, parental status, political affiliation, race, religion, sex, sexual orientation or veteran status.We promote access, inclusion and diversity for all students, faculty, staff, constituents and programs, believing that these qualities are foundational components of an outstanding education in keeping with our mission. The university is interested in candidates whose experience and qualifications support an ongoing commitment to this core quality.Anyone having questions concerning discrimination should contact the Office for Equal Opportunity: (540) 568-6991.Reasonable Accommodation:If you are an individual with a disability and need assistance searching or applying for jobs please contact us at (540) 568-3597 or jobs@jmu.edu. You may also visit the JMU Human Resource Office, located at 752 Ott Street, Harrisonburg, VA 22807 and we will be happy to assist you."
2025-2026,San Jose SU,Assistant Professor of Assistant Writing Programs Administrator,"San Jose, CA 95192",https://jobs.sjsu.edu/en-us/job/551624/assistant-professor-assistant-writing-programs-administrator,TT,09/16/2025,"Position Rank and Title: Assistant Professor, Assistant Writing Programs AdministratorSchool/Department Name: English and Comparative LiteratureCompensation: Commensurate with qualifications, experience, and rank as established by the CSU Salary Schedule. Anticipated hiring academic year annual salary range: -  $86,000-90,000Faculty employee benefits are very competitive for the higher education sector.  See the CSU Employee Benefits Summary for details about the CSU’s excellent benefits package.Target Start Date: August XX, 2026Application Deadline: November 17, 2025 (Applications accepted until filled or closed)Position DescriptionThe Department of English and Comparative Literature at San José State University invites applications for an Assistant Professor and Assistant Writing Programs Administrator beginning in August 2026. We seek an Assistant Professor of Rhetoric and Composition to teach rhetoric and composition courses at the entry and advanced levels and assist in administering the first-year writing programs. The ideal candidate will engage with emerging technologies—particularly AI—and their impact on writing instruction and writing-intensive courses, as well as writing program administration and digital literacy. A developing record of peer-reviewed scholarship, and a Ph.D. in Rhetoric and Composition, or related field of study is required by August, 2026.The Department of English and Comparative Literature provides writing instruction for more than 5,000 first year students a year. The First-Year Writing Program is entering the third year of a digital literacy initiative grant funded by Adobe Systems. The right candidate would join a vibrant department that offers BA concentrations in English, Teacher Prep, Creative Writing, and Professional and Technical Writing alongside MA and MFA programs. Ongoing initiatives within the college and beyond include a new Digital Humanities Center, an Institute for Ethical Technologies, colleagues investigating AI from a Humanities perspective, and a systemwide DH@CSU which supports our efforts to provide ethical and equitable futures for the diverse populations we serve.The Department of English and Comparative Literature and San José State University value inclusive excellence and are committed to advancing equity through research, teaching, and service. We enroll nearly 40,000 students, many of whom are historically underserved; approximately 45% of our undergraduate students are first-generation college students and 38% are Pell Grant recipients. In addition, we are both a Hispanic Serving Institution (HSI) and an Asian American and Native American Pacific Islander Serving Institution (AANAPISI). SJSU aspires to create holistic learning environments that facilitate both individual and collective transformation. We seek teacher-scholars who cultivate inclusive, empowering spaces for mutual learning, skill-building, and knowledge exchange for all students. Our commitment to lifelong learning supports meaningful connections among faculty, staff, students, alumni, and the broader communities we serve.We invite all applicants to include a Statement of Inclusive Excellence (or incorporate it into your cover letter) to share how your lived and professional experiences will contribute to the SJSU community—particularly in relation to student success and inclusive education. A guide to writing this statement can be found at SJSU Inclusive Excellence Statement Guidelines.Required QualificationsPh.D. in Rhetoric and Composition or related field by date of appointmentRelevant teaching experience and ability to teach a range of coursesA developing publication record and a research agenda in Rhetoric and Composition Studies that will secure tenureApplicants should demonstrate an awareness of and sensitivity to the educational goals of a socially and economically diverse student population as might have been gained in cross-cultural study, training, teaching, and other comparable experiencePreferred QualificationsPriority will be given to candidates who possess one or more of the following:Experience in coordinating or administering writing programs—particularly Stretch English or similar programsTeaching experience in multiple levels of university writing coursesDemonstrated interest in generative AI, large-language models, and their effects on writing instruction and program administrationDemonstrated interest and experience teaching and supporting digital literacyPotential to contribute to our ongoing campus discussion of Humanities and technology, especially the ethical and philosophical issues presented by AI and other new technologiesKey ResponsibilitiesThe candidate will support the administration of writing programs, including the university’s Stretch English program for first-year compositionThe candidate will supervise instruction and assessment (and other writing courses as needed) in composition courses in close coordination with the Writing Program Administrator and the Writing Across the Curriculum (WAC) DirectorThe candidate will participate in committees that oversee writing instructionThe candidate will participate in hiring and evaluation of faculty teaching in the first-year writing program as well as providing professional development for those facultyThe candidate will help to develop, assess, and improve the university’s writing curriculum and outcomesTeaching rhetoric and composition courses at the entry and advanced levels, as well as other courses in composition theory and pedagogy, or in another field of the candidate’s strengthStrong teaching, publication record, fundraising or grant activity, and committee and other service to the department and university are considerations for tenureThe candidate will participate in shared governance, usually in department, college, and university committees and other service assignments.Faculty shall organize all their classes within the Canvas Learning Management System (LMS).The candidate must demonstrate awareness and experience in understanding the needs of a student population of great diversity – in age, abilities, cultural background, ethnicity, religion, economic background, primary language, sexual orientation, gender identity, and academic preparation – through inclusive course materials, teaching strategies, and advisement.The successful candidate will receive 6 units of assigned time a year for research for their first two years  (and potentially could be extended if the research output remains productive) and thus will teach and administer programs for the equivalent of up to 18 units a year for the first two years.Other DutiesNote that all San José State University employees are considered mandated reporters under the California Child Abuse and Neglect Reporting Act and are required to comply with the requirements set forth in CSU Executive Order 1083 as a condition of employment. Pursuant to the Jeanne Clery Disclosure of Campus Security Policy and Campus Crime Statistics Act (Clery Act) and CSU systemwide policy, some faculty duties may lead to designation as a Campus Security Authority (CSA). CSAs are required to complete Clery Act training and to immediately report Clery incidents to the institution.Faculty employees must complete CSU employee training as assigned and required based on their role (e.g., Data Security, FERPA, Preventing Discrimination and Harassment, Title IX, Health and Safety). The President may recommend or require compliance with safety measures that decrease the likelihood of COVID-19 transmission or illness and allows the core mission and activities of the campus to continue.Application ProcedureClick Apply Now to complete the SJSU Online Employment Application and attach the following documents:letter of interest, which includes a statement of inclusive excellencecurriculum vitaestatement of teaching interests/philosophyName and contact information of three references who may be asked to provide letters later in the processInquiries may be directed to the Department Chair or Search Committee Chair Noelle Brada-Williams via: English@sjsu.edu.Conditional OfferThe work for this faculty position may only be performed in the State of California and requires establishing an on-campus presence. Employment is contingent upon US residence and proof of eligibility to work in the United States. Satisfactory completion of a background check (including a criminal records check) is required for employment. SJSU will make a conditional offer of employment, which may be rescinded if the background check reveals disqualifying information, and/or it is discovered that the candidate knowingly withheld or falsified information. Failure to satisfactorily complete the background check may affect the continued employment of a current employee who was conditionally offered the position.San José State University: Silicon Valley's Public UniversityLocated in the heart of Silicon Valley — one of the most innovative regions in the world — San José State University is the founding campus of the 23-campus California State University (CSU) system and the first public university in the West. Recognized as a leading transformative educational institution, San José State is an essential partner in the technological, economic, cultural, and social development of Silicon Valley, the Bay Area, and California. SJSU is a top-200 school nationally in research funding and second highest in research productivity in the CSU system. Cutting-edge research, world-class scholarship, student-centered learning, diverse communities, and commitment to social justice, allow SJSU to provide life-changing opportunities and advance the public good locally and globally.Equal Employment StatementSan José State University prohibits discrimination on the basis of Age, Ancestry, Caste, Color, Disability, Ethnicity, Gender, Gender Expression, Gender Identity, Genetic Information, Marital Status, Medical Condition, Military Status, Nationality, Race, Religion, Religious Creed, Sex, Sexual Orientation, Sex Stereotype, and Veteran Status. This policy applies to all San José State University students, faculty, and staff as well as University programs and activities. Reasonable accommodations are made for applicants with disabilities who self-disclose.Campus Security and Fire Safety NotificationPursuant to the Jeanne Clery Disclosure of Campus Security Policy and Campus Crime Statistics Act, the Annual Security Report (ASR) is also now available for viewing at https://www.sjsu.edu/clery/docs/SJSU-Annual-Security-Report.pdf. The ASR contains the current security and safety-related policy statements, emergency preparedness and evacuation information, crime prevention and Sexual Assault prevention information, and information about drug and alcohol prevention programming. The ASR also contains statistics of Clery crimes for San José State University locations for the three most recent calendar years. A paper copy of the ASR is available upon request by contacting the Office of the Clery Director by phone at 408-924-1501 or by email at clerycompliance@sjsu.edu.Pursuant to the Higher Education Opportunity Act, the Annual Fire Safety Report (AFSR) is available at https://www.sjsu.edu/clery/docs/SJSU-Annual-Fire-Safety-Report.pdf. The purpose of this report is to disclose statistics for fires that occurred within SJSU on-campus housing facilities for the three most recent calendar years, and to distribute fire safety policies and procedures intended to promote safety on Campus. A paper copy of the AFSR is available upon request by contacting the Housing Office by phone at 408-795-5600 or by email at uhs-frontdesk@sjsu.edu.Advertised: September 15, 2025 (9:00 AM) Pacific Daylight TimeApplications close: Open Until Filled "